<?xml version="1.0"?>
<pagescount>
	<html_total>142</html_total>
	<html_done>1</html_done>
	<images>1</images>
	<script/>
	<css>6</css>
	<pdf/>
	<documents/>
	<excel/>
	<powerpoint/>
	<flash/>
	<audios/>
	<videos/>
	<xml/>
	<json/>
	<txt/>
	<autocad/>
	<model_3d/>
	<fonts>15</fonts>
	<scraping_reload>1</scraping_reload>
	<is_pretty_url>false</is_pretty_url>
	<has_trailing_slash>false</has_trailing_slash>
	<is_ebn>false</is_ebn>
	<email>wdo@waybackmachinedownloader.com</email>
	<theme_name>WmdTheme998265</theme_name>
	<server_url_front_page>https://www6.waybackmachinedownloader.com/wdo/files/demo/stmify.com_wdo_waybackmachinedownloader.com_4rq6fscy6z/</server_url_front_page>
	<no_www_url>stmify.com</no_www_url>
	<hosted_domain/>
	<original_archive_url>https://stmify.com/</original_archive_url>
	<final_archive_url>https://stmify.com/</final_archive_url>
	<front_page_code_date/>
	<total_urls_from_api/>
	<max_reached_live>false</max_reached_live>
	<scrape_other_captures>false</scrape_other_captures>
	<total_size>8</total_size>
</pagescount>
